{
  "rmse_train": 2.1653086675701823,
  "r2_train": 0.9791272893222989,
  "rmse_test": 2.768510430738456,
  "r2_test": 0.9558230599965618,
  "n_total": 150,
  "n_train": 120,
  "n_test": 30
}